{"cameraMode":{"drawMode":0,"name":"Shaded","section":"Shading Mode"},"sceneLighting":true,"audioPlay":false,"sceneViewState":{"m_AlwaysRefresh":false,"showFog":true,"showSkybox":true,"showFlares":true,"showImageEffects":true,"showParticleSystems":true,"showVisualEffectGraphs":true,"m_FxEnabled":true},"in2DMode":false,"pivot":{"x":11.75119686126709,"y":-4.31511116027832,"z":21.475370407104493},"rotation":{"x":-0.15933425724506379,"y":-0.07692151516675949,"z":0.012453404255211354,"w":-0.9841357469558716},"size":13.835137367248536,"orthographic":false}